No,Keyword,Volume,CPC,Paid Difficulty,SEO Difficulty,
1,bine az,301000,₼0.07,1,31,
2,kiraye evler 2023,27100,₼0.05,5,23,
3,ev alqi satqısı,22200,₼0.12,14,25,
4,ev alqı satqı saytları,22200,₼0.10,14,21,
5,ev alqı satqısı,22200,₼0.10,14,25,
6,ev alqi satqi,22200,₼0.10,14,25,
7,ev elanlari,12100,₼0.10,19,24,
8,xirdalanda kiraye evler,9900,₼1.40,1,21,
9,sumqayitda kiraye evler,8100,₼0.00,1,21,
10,e v,4400,₼0.42,1,34,
11,kiraye ev sumqayit,4400,₼0.26,1,21,
12,kiraye evler sumqayit,4400,₼0.00,1,21,
13,ev,4400,₼0.42,1,34,
14,ipoteka,4400,₼0.42,11,34,
15,sumqayit kiraye evler,3600,₼0.76,1,21,
16,ipoteka evler,3600,₼0.20,25,19,
17,nurum az,3600,₼0.00,1,46,
18,xirdalanda bina evi,2900,₼0.00,1,25,
19,baki kiraye evler,2900,₼0.07,5,26,
20,bileceride heyet evleri,2400,₼0.00,1,34,
21,sumqayitda heyet evleri,2400,₼0.77,1,20,
22,kiraye heyet evleri,2400,₼0.03,4,22,
23,borani restaurant,1900,₼2.07,4,49,
24,evler,1600,₼0.05,6,23,
25,ev alqı satqısı 2023,1600,₼0.14,10,18,
26,ipoteka kredit,1600,₼0.36,15,33,
27,ipoteka krediti,1600,₼0.40,20,32,
28,ev alqi satqisi 2023,1600,₼0.18,12,19,
29,zabratda heyet evleri,1600,₼0.00,1,20,
30,sumqayitda kiraye evler 2023,1600,₼0.03,1,20,
31,af business house,1600,₼0.00,6,34,
32,aida park,1300,₼0.00,1,55,
33,alqı satqı saytları,1300,₼0.22,11,22,
34,daxili kredit evler,1300,₼0.29,16,20,
35,daxili kreditle evler,1300,₼0.25,18,18,
36,sumqayitda evler,1300,₼0.83,1,21,
37,polikilinika,1300,₼0.00,1,41,
38,yasamalda heyet evleri,1300,₼0.00,1,22,
39,kiraye evler ehmedlide,1300,₼0.00,1,22,
40,alqı satqı,1300,₼0.14,9,24,
41,evler az,1000,₼0.46,2,30,
42,kiraye heyet evleri 2023,1000,₼0.03,3,21,
43,qurtuluş 93 kiraye evler,1000,₼0.00,1,19,
44,ucuztap az sumqayitda kiraye evler,1000,₼0.00,1,21,
45,ev elanları,1000,₼0.09,20,26,
46,ucuz heyet evleri,1000,₼0.13,1,19,
47,ev elanlari 2023,1000,₼0.10,18,21,
48,kiraye evler baki,1000,₼0.06,6,25,
49,evin az,1000,₼0.38,7,51,
50,ev alqı satqısı 2022,1000,₼0.05,7,20,
51,ramin isayev,1000,₼0.00,1,38,
52,shirvanshah museum restaurant,1000,₼0.00,7,52,
53,145 nomreli mekteb,1000,₼0.00,1,35,
54,ev alqi satqisi 2022,1000,₼0.05,7,20,
55,kiraye ev baki,1000,₼0.03,5,25,
56,xırdalanda kiraye evler,880,₼0.00,1,22,
57,xirdalanda 200 manata kiraye evler,880,₼0.00,2,20,+
58,ipoteka ile evler,880,₼0.32,28,17,
59,kiraye menziller,880,₼0.06,10,25,
60,neftcilerde kiraye evler 2024,880,₼0.05,1,22,+
61,ucuz ev elanlari,880,₼0.32,4,20,
62,xirdalanda kiraye heyet evleri 2023,880,₼0.09,1,21,
63,hazir ipoteka evler,880,₼0.60,11,18,
64,lutfizadeh,880,₼0.00,1,55,
65,nerimanovda 250 azn kiraye evler,880,₼0.00,2,22,
66,heyet evi kiraye,880,₼0.07,5,22,
67,bileceride kiraye evler 2023,880,₼0.03,2,22,
68,heyet evleri kiraye,880,₼0.07,5,22,
69,nargile residence,880,₼0.00,1,25,+
70,babek prospekti,880,₼0.00,1,36,
71,baki eylence merkezleri,880,₼0.00,1,42,
72,lutfizade,880,₼0.00,1,40,
73,saray mtk,880,₼0.00,1,23,
74,271 nomreli mekteb,880,₼0.00,1,47,
75,agilli evler,880,₼0.00,1,26,
76,bayilda kiraye evler,880,₼0.10,2,18,+
77,cratos hall,880,₼0.00,2,54,
78,1 mertebeli 4 otaqli ev proyektleri,880,₼0.14,1,30,
79,zabratda kiraye evler 2023,720,₼0.05,1,18,
80,sumqayitda ucuz heyet evleri,720,₼1.04,1,21,
81,zabrat heyet evleri,720,₼0.00,1,20,
82,kiraye,720,₼0.07,11,22,
83,200 azn kiraye evler sumqayitda,720,₼0.10,1,20,
84,dovlet ipoteka fondu,720,₼1.04,1,33,
85,qurtuluş 93,720,₼0.00,1,39,
86,bayil plaza,720,₼0.17,5,35,
87,ipateka az,720,₼0.55,2,38,
88,çapayev,720,₼0.00,1,42,
89,sumqayit heyet evleri,720,₼0.82,1,21,
90,musabeyov parki,720,₼0.00,1,48,
91,67 nomreli mekteb,720,₼0.00,1,40,
92,almaz park,720,₼0.00,3,41,
93,kiraye evler 2023 bakida,590,₼0.05,5,23,
94,81 nomreli mekteb,590,₼0.00,1,45,
95,naxcivanskide heyet evleri,590,₼0.03,1,28,+
96,1 gunluk kiraye evler bakida 20 azn,590,₼1.74,1,20,
97,masazirda kiraye evler 2023,590,₼0.05,1,21,
98,ucuz heyet evleri 2023,590,₼0.10,1,21,
99,bakıda ucuz kiraye evler 2023,590,₼0.31,3,23,
100,yeni is elanlari,590,₼0.00,1,23,
101,tikili az,590,₼1.40,1,35,
102,medilux hospital,590,₼0.00,5,40,
103,melisa park,590,₼0.66,1,32,
104,saray qesebesi,590,₼0.00,1,29,
105,ehmedli restoranlar,590,₼3.56,1,39,
106,cıdır restoran,590,₼0.00,2,40,
107,cıdır restoranı,590,₼0.00,2,45,
108,96 nomreli mekteb,590,₼0.00,1,45,
109,sosial evler 2023,590,₼0.00,1,41,
110,ist petrol,590,₼0.05,3,47,
111,yeni baki yasayis kompleksi,480,₼0.10,1,35,+
112,300 nomreli mekteb,480,₼0.00,1,54,
113,sumqayitda kiraye evler 1 otaqli,480,₼0.00,1,21,
114,mansarli evler,480,₼0.00,1,27,
115,masazirda kiraye heyet evleri,480,₼0.10,1,18,
116,masazirda heyet evleri 2023,480,₼0.00,1,26,
117,andromed klinikasi,480,₼0.00,1,43,
118,mansar evler,480,₼0.00,1,28,
119,255 nomreli mekteb,480,₼0.00,1,45,
120,293 nomreli mekteb,480,₼0.00,1,42,
121,yeni baki yaşayış kompleksi,480,₼0.10,1,35,
122,kiraye ev elanlari,480,₼0.12,12,24,
123,pirqulu,480,₼0.00,1,53,
124,ucuz ayliq kiraye heyet evleri,480,₼0.00,1,20,
125,nerimanovda kiraye evler 2024,480,₼0.05,1,21,+
126,ayliq 200 manat ipoteka,480,₼0.68,6,21,
127,real emlak,480,₼0.00,1,37,
128,sumqayıt ev alqı satqısı 2023,480,₼1.12,1,33,
129,günlük is elanları,480,₼1.06,1,31,
130,suleyman rustem,480,₼0.00,1,38,
131,tayqa market,480,₼0.00,2,53,
132,tonqal restoran,480,₼0.00,5,47,
133,ev girovu ile kredit,480,₼0.31,9,27,
134,hesen bey zerdabi,480,₼0.00,1,34,
135,villalar,480,₼0.00,1,19,
136,qoşa qala restoranı,480,₼0.00,2,41,
137,ev elan,480,₼0.23,16,25,
138,medicare klinika,480,₼0.00,1,42,
139,20 saylı poliklinika,480,₼0.00,1,30,
140,villa evler,480,₼0.00,1,29,
141,leninqrad layiheli 2 otaqli evler,390,₼0.00,1,21,+
142,ev az,390,₼0.12,17,24,
143,bileceride heyet evleri 2024,390,₼0.00,1,33,+
144,1 otaqli gunluk kiraye evler,390,₼0.05,1,20,
145,bina az sumqayit kiraye evler,390,₼0.03,1,25,
146,zaqatala kiraye evler,390,₼0.09,1,22,
147,melissa park 2 otaqli qiymetleri,390,₼0.00,1,29,
148,masazirda kiraye heyet evleri 2023,390,₼0.10,1,19,
149,mida kiraye evler,390,₼0.00,1,26,
150,masazırda kiraye evler,390,₼0.26,1,21,
151,en son yeni ev elanları sumqayıt 1 otaqlı,390,₼1.04,1,20,
152,yeni yasamalda 2 otaqli evlerin qiymeti,390,₼0.00,1,19,
153,masazirda ucuz heyet evleri,390,₼0.00,1,22,
154,azza nerimanov,390,₼0.00,1,20,
155,xirdalanda heyet evleri 2023,390,₼0.15,1,21,
156,sulutepede kiraye evler 2023,390,₼0.05,2,21,
157,htc cliniva hospital,390,₼0.00,2,62,
158,nerimanovda kiraye evler ucuz,390,₼0.03,1,20,
159,1 otaqli evler,390,₼0.09,2,20,
160,xirdalanda kiraye evler 200 azn,390,₼0.00,1,20,
161,elan yerlesdir,390,₼0.12,5,21,
162,metrolar,390,₼0.00,1,42,
163,eliyar eliyev,390,₼0.00,1,44,
164,bina az yeni gunesli,390,₼0.00,1,27,
165,albalı uşaq bağçası,390,₼0.00,4,43,
166,main yaşayış kompleksi,390,₼0.09,3,32,
167,mona liza restoran,390,₼0.00,1,37,
168,mida evler,390,₼0.00,1,41,
169,5 saylı uşaq poliklinikası,390,₼0.00,1,27,
170,77 nomreli avtobus,390,₼0.00,1,37,
171,kompas tour az,390,₼0.00,1,29,
172,satış,390,₼0.00,1,28,
173,7 sayli dogum evi,390,₼0.00,1,35,
174,karvan restoran,390,₼0.00,1,29,
175,16 saylı poliklinika,390,₼0.00,1,33,
176,podmayak evler,390,₼0.10,4,20,
177,nerimanovda kiraye evler 200 azn,320,₼0.00,1,20,
178,novxanida torpaq,320,₼0.00,1,21,
179,bine savxoz,320,₼0.00,1,31,
180,qara qarayevde kohne tikili evler,320,₼0.00,1,20,+
181,alyans saray,320,₼0.00,1,46,
182,ev almaq,320,₼0.07,12,21,
183,tap az bileceride heyet evleri,320,₼0.00,1,23,
184,nerimanovda kiraye evler 1 otaqli,320,₼0.10,1,21,
185,nerimanovda kiraye evler 2 otaqli,320,₼0.07,1,25,
186,sumqayıt kiraye evler,320,₼0.00,1,20,
187,yeni ramana evler,320,₼0.00,1,24,+
188,dsk yolu,320,₼0.00,1,45,
189,ev elanları 2023,320,₼0.10,20,19,
190,qubada kiraye evler ayliq,320,₼0.41,1,19,
191,200 azn kiraye evler sumqayitda 2023,320,₼0.48,1,20,
192,gunluk evler 20 azn bakida,320,₼0.03,1,26,
193,zabrat 1 de heyet evleri,320,₼0.00,1,21,
194,mansard evler,320,₼0.00,1,21,
195,sumqayıtda ev alqı satqısı,320,₼0.00,1,27,
196,52 nomreli mekteb,320,₼0.00,1,45,
197,xirdalanda 150 manata kiraye evler,320,₼0.00,1,21,
198,qubada satilan evler,320,₼0.36,1,21,
199,şam restoranı,320,₼0.00,1,55,
200,veten merdekan,320,₼0.00,1,60,
201,zabrat kiraye evler,320,₼0.05,1,19,+
202,ismet qayibov,320,₼0.00,1,43,
203,20 saylı uşaq poliklinikası,320,₼0.00,1,27,
204,qara qarayev restoranlar,320,₼0.00,1,47,
205,107 nomreli mekteb,320,₼0.00,1,35,
206,mese parki,320,₼0.00,1,53,
207,94 nomreli mekteb,320,₼0.00,1,36,
208,mziuri restaurant,320,₼0.00,1,47,
209,hazır ev certyojlari,320,₼0.00,1,33,
210,qebelede satilan evler,320,₼0.00,1,27,
211,209 nomreli mekteb,320,₼0.00,1,53,
212,alov zavodu,320,₼0.00,1,33,
213,mc donalds sumqayit,320,₼2.49,12,45,
214,baku rent apartment,320,₼0.85,19,35,
215,adhti edu az,320,₼0.00,1,46,
216,ramil babayev,320,₼0.00,1,61,
217,zabratda ucuz heyet evleri,260,₼0.05,1,23,
218,sumqayit bagca seher evlerin qiymeti,260,₼0.99,3,26,
219,mida yasamal ev satilir,260,₼2.86,1,25,
220,yeni bakida kiraye evler,260,₼0.19,1,22,
221,veranda baku,260,₼0.00,3,50,
222,xirdalanda ucuz heyet evleri,260,₼0.63,1,23,
223,bileceri ag saray kiraye evler,260,₼0.07,1,21,+
224,jasmine park daxili kredit,260,₼0.20,1,28,+
225,melissa park kiraye evler,260,₼0.05,3,21,+
226,kiraye evler xirdalanda,260,₼0.07,1,20,+
227,hicaz restoran,260,₼0.00,1,43,
228,xirdalanda kiraye evler 3 otaqli,260,₼0.00,1,19,
229,25 illik ipoteka evler,260,₼0.48,8,36,
230,zirinc restoran,260,₼0.00,1,52,
231,yasamalda satilan heyet evleri,260,₼0.00,1,22,+
232,tebriz kucesi,260,₼0.00,1,43,
233,zabratda kiraye heyet evleri 2023,260,₼0.00,1,20,
234,zabratda kiraye evler 2022,260,₼0.00,1,19,
235,309 nomreli mekteb,260,₼0.00,1,44,
236,yasamal mida kiraye evler,260,₼0.00,1,27,
237,kiraye evler sumqayitda,260,₼0.00,1,21,
238,kiraye evler 300 azn,260,₼0.05,2,20,+
239,sumqayitda heyet evleri 2023,260,₼1.18,1,20,
240,metbuat prospekti,260,₼0.00,1,44,
241,faxralı restoran,260,₼0.00,1,56,
242,grand hayat ev satilir,260,₼0.32,3,34,
243,3 cu mikrorayonda satilan evler,260,₼0.00,1,20,+
244,sumqayitda heyet evleri 2022,260,₼0.00,1,21,
245,ocaq restoran,260,₼1.18,1,61,
246,grand hayat ev satılır,260,₼0.00,4,28,
247,zabratda satilan heyet evleri,260,₼0.00,1,27,
248,bakida evler,260,₼0.17,4,26,
249,faxrali restoran,260,₼0.00,1,49,
250,sumqayitda 1 otaqli evler,260,₼1.41,1,21,
251,tapaz az,673000,₼0.04,1,49,
252,tap az,673000,₼0.07,1,27,
253,haqqin az,673000,₼0.00,1,70,
254,bina az,301000,₼0.04,4,47,
255,binam az,301000,₼0.04,4,47,
256,binalar az,301000,₼0.04,4,38,
257,vatcapp,201000,₼0.05,21,69,
258,baku electronics,165000,₼0.16,25,57,
259,e topaz az,90500,₼1.37,1,42,
260,yeni emlak,74000,₼0.40,1,32,
261,asan xidmet,74000,₼0.00,1,54,
262,yeniemlak,74000,₼0.40,1,48,
263,haqqin,74000,₼0.00,1,64,
264,bakı,60500,₼2.39,1,36,
265,kiraya evler,49500,₼0.03,8,25,
266,kiraye evler,49500,₼0.03,8,25,
267,kiraye evler,49500,₼0.03,8,25,
268,boss az,40500,₼0.33,1,39,
269,socar az,40500,₼0.00,1,47,
270,bq edu az,40500,₼0.00,1,41,
271,bazarstore,27100,₼0.69,4,61,
272,irşad electronics,27100,₼0.09,14,48,
273,emlakci az,27100,₼0.07,3,41,
274,emlak az,27100,₼0.08,7,43,
275,kiraye evler 2023,27100,₼0.03,5,23,
276,kiraye evler 2023,27100,₼0.03,5,23,
277,emlakçı az,27100,₼0.09,7,34,
278,20 yanvar,22200,₼0.00,4,42,
279,evlerin alqi satqisi,22200,₼0.07,12,25,
280,evlerin alqi satqisi,22200,₼0.07,12,25,
281,ev alqı satqisi,22200,₼0.06,14,23,
282,topaz az,22200,₼0.00,1,37,
283,qara bag,22200,₼0.00,1,57,
284,araz market,18100,₼0.91,2,48,
285,tapaz,18100,₼0.15,1,52,
286,baku az,14800,₼0.74,1,47,
287,azerbaycan xerite,14800,₼0.00,1,58,
288,tehsil nazirliyi,14800,₼0.00,1,58,
289,azerbaycan xeritesi,14800,₼0.00,1,53,
290,qafqaz,14800,₼0.00,1,37,
291,noyabr,4400,₼0.00,1,42,
292,xerite,12100,₼0.00,1,52,
293,28-May,9900,₼0.00,5,47,
294,seabreeze,12100,₼0.35,2,51,
295,tap az is elanlari,12100,₼0.73,1,25,
296,sea breeze,12100,₼0.35,2,57,
297,bina,12100,₼0.04,1,42,
298,aptek,12100,₼0.38,2,34,
299,kub az,12100,₼1.00,1,29,
300,tap az kiraye evler,12100,₼0.06,1,25,
301,28-May,9900,₼0.00,5,42,
302,yeni klinika,8100,₼0.00,1,44,
303,tap az avto,12100,₼1.09,1,26,
304,tap az avtomobil,12100,₼1.09,1,26,
305,restaranlar,9900,₼0.71,2,36,
306,turbo az kredit,9900,₼0.48,1,30,
307,bina az kiraye evler,9900,₼0.02,9,23,
308,yeni emlak az,9900,₼0.30,1,42,
309,ipoteka az,9900,₼0.40,5,43,
310,yeniemlak az,9900,₼0.37,1,37,
311,avtovagzal,9900,₼0.00,1,42,
312,arenda az,9900,₼0.34,4,52,
313,3rd,9900,₼0.00,1,71,
314,portbaku,8100,₼0.92,1,31,
315,port baku,8100,₼1.22,1,39,
316,sumqayıt,6600,₼0.00,1,43,
317,caspian plaza,5400,₼0.87,5,26,
318,bona dea,6600,₼0.00,1,50,
319,is axtariram,6600,₼1.62,1,31,
320,turbo az 07,6600,₼0.00,1,34,
321,is elani,4400,₼1.87,1,20,
322,bonadea,6600,₼0.00,1,49,
323,rus azeri,6600,₼0.00,1,64,
324,referans klinikasi,5400,₼0.00,1,45,
325,qara qarayev,6600,₼0.00,1,43,
326,haqqin aza,6600,₼0.00,1,68,
327,asan xidmet is vaxti,6600,₼0.00,1,31,
328,unvan az,6600,₼0.00,1,48,
329,tqdk,6600,₼0.00,1,54,
330,tarqovu,5400,₼0.00,1,40,
331,kreditle masin,5400,₼0.51,1,28,
332,biq az,5400,₼0.00,1,50,
333,baku electronics telefon,5400,₼0.17,25,36,
334,baki,5400,₼0.08,1,40,
335,ev,4400,₼0.25,1,34,
336,metro xeritesi,5400,₼0.00,1,42,
337,bina az kiraye evler 2023,4400,₼0.02,5,28,
338,emlak gov az,4400,₼0.00,1,31,
339,yasamal,5400,₼0.00,2,42,
340,miqrasiya,5400,₼0.00,1,54,
341,biq ax,5400,₼0.00,1,58,
342,ucuztap az,6600,₼0.00,1,44,
343,tut az,4400,₼0.00,1,58,
344,xalqlarda kiraye evler,5400,₼0.06,1,21,
345,bina az 2023,4400,₼0.03,7,22,
346,port baku mall,3600,₼1.48,8,39,
347,nomre satisi,4400,₼0.00,1,26,
348,merkezi klinika,4400,₼0.00,1,51,
349,yataq az,4400,₼0.00,1,17,
350,tap az ev,4400,₼0.10,1,26,
